Demetris,Hawes,dhawes0@msu.edu,hlLPEozdOC5
Frazier,Gurner,fgurner1@reverbnation.com,GFWtbsIAf
Dannie,Abramski,dabramski2@economist.com,Fwq8fxLPz
Hodge,Dallosso,hdallosso3@dagondesign.com,j7RSAHw40Y
Emlyn,Asbury,easbury4@dagondesign.com,Sr94Z7
Dodie,Ceely,dceely5@eepurl.com,QjVxQXkwmu
Teddy,Stoodale,tstoodale6@topsy.com,JKu3Sk
Durant,Stoute,dstoute7@purevolume.com,ubCqkePmqVI
Charleen,Rivel,crivel8@feedburner.com,ZtSc2oMUjEZ
Sumner,Grandisson,sgrandisson9@vinaora.com,emnmTb4uYkp
